Filip,Dembski,fdembski@gmail.com,Weronika,Dembska,2006-12-29
Grażyna,Pocieszna,gpocieszna@gmail.com,Marek,Pocieszny,2006-07-30
Ambroży,Kieroń,akieron@gmail.com,Ula,Kieroń,2006-03-26
Bożena,Olejnik,olejnikbozena@gmail.com,Jędrzej,Olejnik,2006-11-30
Wiktoria,Kaczmarek,wiktoriakaczmarek@gmail.com,Lidka,Kaczmarek,2006-06-01
Rafał,Hazard,rafalhazard1977@gmail.com,Krzysztof,Hazard,2006-09-14
Karolina,Wagon,wagonkarolina181@gmail.com,Wanesa,Wagon,2006-10-10
Mikołaj,Kajoch,mkajoch55@gmail.com,Faustyna,Kajoch,2006-08-29
Iga,Kozica,ikozica@wp.pl,Klaudia,Kozica,2006-05-23
Mirosław,Rzepecki,mirekrzepeckiyy@gmail.com,Kacper,Rzepecki,2006-12-04
Kalina,Lisowka,kalinalisowska678@gmail.com,Edward,Lisowski,2006-08-03
Klarysa,Gwarek,kgwarek123@gmail.com,Kinga,Gwarek,2006-10-29
Maja,Grzywa,grzywam@gmail.com,Maksymilian,Grzywa,2006-01-05
Jerzy,Malepszy,jmalepszy@gmail.com,Maciej,Malepszy,2006-10-08
Karol,Restow,restowkarol@gmail.com,Jordan,Restow,2006-06-25
Tadeusz,Krychowiak,tkrycha@gmail.com,Martyna,Krychowiak,2006-04-23
Adam,Owies,adamowies@gmail.com,Mikołaj,Owies,2006-05-09
Ludwik,Mazur,ludwikmazur@gmail.com,Mieszko,Mazur,2006-12-14
Klaudyna,Iwaszczuk,kiwaszczuk@gmail.com,Klara,Iwaszczuk,2006-09-15